zone_id,Rainfall (mm),Temperature (°C),Humidity (%),River Discharge (m³/s),Water Level (m),Elevation (m),Population Density,Historical Floods,Flood Occurred,zone_name,lat,lon,district,STATE_UT_NAME,DISTRICT,JAN,FEB,MAR,APR,MAY,JUN,JUL,AUG,SEP,OCT,NOV,DEC,ANNUAL,Jan-Feb,Mar-May,Jun-Sep,Oct-Dec,fatalities,no_of_camps,actual_rainfall_in_mm,normal_rainfall_in_mm,no_of_landslides,full_damaged_houses
1,150.15192743986358,29.757770660154176,59.18675625959061,2548.5268564395583,5.019222438691169,4449.471322051703,5116.243567279634,0.4910498306724722,0.49782293178519593,Periyar Lake,9.530984,77.18964,Idukki,,,,,,,,,,,,,,,,,,,,54,363,1478.9,527.3,143,1166
2,163.1988215252569,31.55067061723155,80.31960672398885,2110.48395339828,4.992717902068224,4104.186558128874,5873.4917029280705,0.3333333333333333,0.6666666666666666,Periyar-Vandiperiyar,9.572483,77.089653,Idukki,,,,,,,,,,,,,,,,,,,,54,363,1478.9,527.3,143,1166
3,172.16785984556168,32.64293084332179,51.23715876222307,2995.578995130614,6.061256601822409,3568.0693116716516,4630.921829213071,0.6,0.5,Elappara,9.635681,76.97889,Idukki,,,,,,,,,,,,,,,,,,,,54,363,1478.9,527.3,143,1166
4,123.16016541104521,29.730461935575896,36.9248359499866,1742.3081054704583,4.321309882856187,6509.639192094859,4532.809988645155,0.5,0.5,Ayyappancoil,9.693551,77.047297,Idukki,,,,,,,,,,,,,,,,,,,,54,363,1478.9,527.3,143,1166
5,146.87214080074384,30.04618236968513,59.436919704035844,2579.528441389815,4.895414631819094,4346.186111878141,4752.975538005803,0.5126498002663116,0.5033288948069241,Idukki Reservoir,9.843056,76.976389,Idukki,,,,,,,,,,,,,,,,,,,,54,363,1478.9,527.3,143,1166
6,149.4977880094612,29.78482580259889,59.65937297171824,2485.910880642617,4.983681459285672,4405.9305623733,5024.7487599434,0.498415442235667,0.5015845577643331,Neriamangalam,10.0519,76.7828,Ernakulam,,,,,,,,,,,,,,,,,,,,58,1582,648.3,401.3,0,615
7,143.95400008356768,32.282553372297244,44.9940849612582,2739.410154743399,5.848976520987243,3943.0012887578423,3940.6085953485617,0.375,0.5,Aluva,10.10122,76.357124,Ernakulam,,,,,,,,,,,,,,,,,,,,58,1582,648.3,401.3,0,615
10,152.07961543214898,29.74399667925121,62.41104437123151,2382.6890572221314,4.7721367243139445,4399.650386698307,5126.712147048604,0.6382978723404256,0.425531914893617,Vembanad Lake,10.05,76.25,Ernakulam,,,,,,,,,,,,,,,,,,,,58,1582,648.3,401.3,0,615
11,151.0086186423261,30.217006074703484,60.235308189800364,2513.0262000697007,5.073866645201744,4426.8095808471735,5021.572574136584,0.49876407580335075,0.5155177149134853,Munambam,10.17669,76.17169,Ernakulam,,,,,,,,,,,,,,,,,,,,58,1582,648.3,401.3,0,615
